term,coef,se,OR,OR_lower,OR_upper,z,pvalue,inference
rep_attorney,1.3782578047250484,0.008440764504685599,3.9679826015581545,3.902876737780539,4.03417452922736,163.2858971435533,0.0,ipw_glm_HC1
rep_agent,0.9499763162743928,0.02509939246103813,2.585648420802956,2.46152605963141,2.7160296474788983,37.84857811793828,0.0,ipw_glm_HC1
rep_vso,0.5032592009635696,0.0059703556905653585,1.6541035508561976,1.6348602125945155,1.6735733953748677,84.29300146368898,0.0,ipw_glm_HC1
hearing,0.425169939618492,0.004748222251893085,1.5298503797638798,1.5156788493866582,1.5441544133249478,89.54297357268386,0.0,ipw_glm_HC1
len_chars_clip,4.014182457998263e-07,1.637912482760184e-07,1.0000004014183264,1.0000000803874025,1.0000007224493535,2.45079178542777,0.014254238067327972,ipw_glm_HC1
ama_cue,0.265249102957122,0.008125848044788966,1.3037557047326318,1.283155708112738,1.3246864171480106,32.64263637408577,1.0193090476406416e-233,ipw_glm_HC1
