covariate,smd_pre,smd_post
len_chars_z,-0.1176469732835511,-0.15746847877188203
hearing,-0.04327184182984807,-0.18328097500700646
ama_cue,0.5657716980022891,0.5374212256199927
